{
  "$schema": "https://opencode.ai/theme.json",
  "defs": {
    "background": "#292d3e",
    "backgroundAlt": "#1e2132",
    "backgroundPanel": "#32364a",
    "foreground": "#a6accd",
    "foregroundBright": "#bfc7d5",
    "comment": "#676e95",
    "red": "#f07178",
    "orange": "#f78c6c",
    "yellow": "#ffcb6b",
    "green": "#c3e88d",
    "cyan": "#89ddff",
    "blue": "#82aaff",
    "purple": "#c792ea",
    "magenta": "#ff5370",
    "pink": "#f07178"
  },
  "theme": {
    "primary": {
      "dark": "blue",
      "light": "#4976eb"
    },
    "secondary": {
      "dark": "purple",
      "light": "#a854f2"
    },
    "accent": {
      "dark": "cyan",
      "light": "#00acc1"
    },
    "error": {
      "dark": "red",
      "light": "#e53935"
    },
    "warning": {
      "dark": "yellow",
      "light": "#ffb300"
    },
    "success": {
      "dark": "green",
      "light": "#91b859"
    },
    "info": {
      "dark": "orange",
      "light": "#f4511e"
    },
    "text": {
      "dark": "foreground",
      "light": "#292d3e"
    },
    "textMuted": {
      "dark": "comment",
      "light": "#8796b0"
    },
    "background": {
      "dark": "#292d3e",
      "light": "#fafafa"
    },
    "backgroundPanel": {
      "dark": "#1e2132",
      "light": "#f5f5f5"
    },
    "backgroundElement": {
      "dark": "#32364a",
      "light": "#e7e7e8"
    },
    "border": {
      "dark": "#32364a",
      "light": "#e0e0e0"
    },
    "borderActive": {
      "dark": "blue",
      "light": "#4976eb"
    },
    "borderSubtle": {
      "dark": "#1e2132",
      "light": "#eeeeee"
    },
    "diffAdded": {
      "dark": "green",
      "light": "#91b859"
    },
    "diffRemoved": {
      "dark": "red",
      "light": "#e53935"
    },
    "diffContext": {
      "dark": "comment",
      "light": "#8796b0"
    },
    "diffHunkHeader": {
      "dark": "cyan",
      "light": "#00acc1"
    },
    "diffHighlightAdded": {
      "dark": "green",
      "light": "#91b859"
    },
    "diffHighlightRemoved": {
      "dark": "red",
      "light": "#e53935"
    },
    "diffAddedBg": {
      "dark": "#2e3c2b",
      "light": "#e8f5e9"
    },
    "diffRemovedBg": {
      "dark": "#3c2b2b",
      "light": "#ffebee"
    },
    "diffContextBg": {
      "dark": "#1e2132",
      "light": "#f5f5f5"
    },
    "diffLineNumber": {
      "dark": "#444760",
      "light": "#cfd8dc"
    },
    "diffAddedLineNumberBg": {
      "dark": "#2e3c2b",
      "light": "#e8f5e9"
    },
    "diffRemovedLineNumberBg": {
      "dark": "#3c2b2b",
      "light": "#ffebee"
    },
    "markdownText": {
      "dark": "foreground",
      "light": "#292d3e"
    },
    "markdownHeading": {
      "dark": "purple",
      "light": "#a854f2"
    },
    "markdownLink": {
      "dark": "blue",
      "light": "#4976eb"
    },
    "markdownLinkText": {
      "dark": "cyan",
      "light": "#00acc1"
    },
    "markdownCode": {
      "dark": "green",
      "light": "#91b859"
    },
    "markdownBlockQuote": {
      "dark": "comment",
      "light": "#8796b0"
    },
    "markdownEmph": {
      "dark": "yellow",
      "light": "#ffb300"
    },
    "markdownStrong": {
      "dark": "orange",
      "light": "#f4511e"
    },
    "markdownHorizontalRule": {
      "dark": "comment",
      "light": "#8796b0"
    },
    "markdownListItem": {
      "dark": "blue",
      "light": "#4976eb"
    },
    "markdownListEnumeration": {
      "dark": "cyan",
      "light": "#00acc1"
    },
    "markdownImage": {
      "dark": "blue",
      "light": "#4976eb"
    },
    "markdownImageText": {
      "dark": "cyan",
      "light": "#00acc1"
    },
    "markdownCodeBlock": {
      "dark": "foreground",
      "light": "#292d3e"
    },
    "syntaxComment": {
      "dark": "comment",
      "light": "#8796b0"
    },
    "syntaxKeyword": {
      "dark": "purple",
      "light": "#a854f2"
    },
    "syntaxFunction": {
      "dark": "blue",
      "light": "#4976eb"
    },
    "syntaxVariable": {
      "dark": "foreground",
      "light": "#292d3e"
    },
    "syntaxString": {
      "dark": "green",
      "light": "#91b859"
    },
    "syntaxNumber": {
      "dark": "orange",
      "light": "#f4511e"
    },
    "syntaxType": {
      "dark": "yellow",
      "light": "#ffb300"
    },
    "syntaxOperator": {
      "dark": "cyan",
      "light": "#00acc1"
    },
    "syntaxPunctuation": {
      "dark": "foreground",
      "light": "#292d3e"
    }
  }
}
