{
  "$schema": "https://opencode.ai/theme.json",
  "defs": {
    "darkStep1": "#1a1b26",
    "darkStep2": "#1e2030",
    "darkStep3": "#222436",
    "darkStep4": "#292e42",
    "darkStep5": "#3b4261",
    "darkStep6": "#545c7e",
    "darkStep7": "#737aa2",
    "darkStep8": "#9099b2",
    "darkStep9": "#82aaff",
    "darkStep10": "#89b4fa",
    "darkStep11": "#828bb8",
    "darkStep12": "#c8d3f5",
    "darkRed": "#ff757f",
    "darkOrange": "#ff966c",
    "darkYellow": "#ffc777",
    "darkGreen": "#c3e88d",
    "darkCyan": "#86e1fc",
    "darkPurple": "#c099ff",
    "lightStep1": "#e1e2e7",
    "lightStep2": "#d5d6db",
    "lightStep3": "#c8c9ce",
    "lightStep4": "#b9bac1",
    "lightStep5": "#a8aecb",
    "lightStep6": "#9699a8",
    "lightStep7": "#737a8c",
    "lightStep8": "#5a607d",
    "lightStep9": "#2e7de9",
    "lightStep10": "#1a6ce7",
    "lightStep11": "#8990a3",
    "lightStep12": "#3760bf",
    "lightRed": "#f52a65",
    "lightOrange": "#b15c00",
    "lightYellow": "#8c6c3e",
    "lightGreen": "#587539",
    "lightCyan": "#007197",
    "lightPurple": "#9854f1"
  },
  "theme": {
    "primary": {
      "dark": "darkStep9",
      "light": "lightStep9"
    },
    "secondary": {
      "dark": "darkPurple",
      "light": "lightPurple"
    },
    "accent": {
      "dark": "darkOrange",
      "light": "lightOrange"
    },
    "error": {
      "dark": "darkRed",
      "light": "lightRed"
    },
    "warning": {
      "dark": "darkOrange",
      "light": "lightOrange"
    },
    "success": {
      "dark": "darkGreen",
      "light": "lightGreen"
    },
    "info": {
      "dark": "darkStep9",
      "light": "lightStep9"
    },
    "text": {
      "dark": "darkStep12",
      "light": "lightStep12"
    },
    "textMuted": {
      "dark": "darkStep11",
      "light": "lightStep11"
    },
    "background": {
      "dark": "darkStep1",
      "light": "lightStep1"
    },
    "backgroundPanel": {
      "dark": "darkStep2",
      "light": "lightStep2"
    },
    "backgroundElement": {
      "dark": "darkStep3",
      "light": "lightStep3"
    },
    "border": {
      "dark": "darkStep7",
      "light": "lightStep7"
    },
    "borderActive": {
      "dark": "darkStep8",
      "light": "lightStep8"
    },
    "borderSubtle": {
      "dark": "darkStep6",
      "light": "lightStep6"
    },
    "diffAdded": {
      "dark": "#4fd6be",
      "light": "#1e725c"
    },
    "diffRemoved": {
      "dark": "#c53b53",
      "light": "#c53b53"
    },
    "diffContext": {
      "dark": "#828bb8",
      "light": "#7086b5"
    },
    "diffHunkHeader": {
      "dark": "#828bb8",
      "light": "#7086b5"
    },
    "diffHighlightAdded": {
      "dark": "#b8db87",
      "light": "#4db380"
    },
    "diffHighlightRemoved": {
      "dark": "#e26a75",
      "light": "#f52a65"
    },
    "diffAddedBg": {
      "dark": "#20303b",
      "light": "#d5e5d5"
    },
    "diffRemovedBg": {
      "dark": "#37222c",
      "light": "#f7d8db"
    },
    "diffContextBg": {
      "dark": "darkStep2",
      "light": "lightStep2"
    },
    "diffLineNumber": {
      "dark": "darkStep3",
      "light": "lightStep3"
    },
    "diffAddedLineNumberBg": {
      "dark": "#1b2b34",
      "light": "#c5d5c5"
    },
    "diffRemovedLineNumberBg": {
      "dark": "#2d1f26",
      "light": "#e7c8cb"
    },
    "markdownText": {
      "dark": "darkStep12",
      "light": "lightStep12"
    },
    "markdownHeading": {
      "dark": "darkPurple",
      "light": "lightPurple"
    },
    "markdownLink": {
      "dark": "darkStep9",
      "light": "lightStep9"
    },
    "markdownLinkText": {
      "dark": "darkCyan",
      "light": "lightCyan"
    },
    "markdownCode": {
      "dark": "darkGreen",
      "light": "lightGreen"
    },
    "markdownBlockQuote": {
      "dark": "darkYellow",
      "light": "lightYellow"
    },
    "markdownEmph": {
      "dark": "darkYellow",
      "light": "lightYellow"
    },
    "markdownStrong": {
      "dark": "darkOrange",
      "light": "lightOrange"
    },
    "markdownHorizontalRule": {
      "dark": "darkStep11",
      "light": "lightStep11"
    },
    "markdownListItem": {
      "dark": "darkStep9",
      "light": "lightStep9"
    },
    "markdownListEnumeration": {
      "dark": "darkCyan",
      "light": "lightCyan"
    },
    "markdownImage": {
      "dark": "darkStep9",
      "light": "lightStep9"
    },
    "markdownImageText": {
      "dark": "darkCyan",
      "light": "lightCyan"
    },
    "markdownCodeBlock": {
      "dark": "darkStep12",
      "light": "lightStep12"
    },
    "syntaxComment": {
      "dark": "darkStep11",
      "light": "lightStep11"
    },
    "syntaxKeyword": {
      "dark": "darkPurple",
      "light": "lightPurple"
    },
    "syntaxFunction": {
      "dark": "darkStep9",
      "light": "lightStep9"
    },
    "syntaxVariable": {
      "dark": "darkRed",
      "light": "lightRed"
    },
    "syntaxString": {
      "dark": "darkGreen",
      "light": "lightGreen"
    },
    "syntaxNumber": {
      "dark": "darkOrange",
      "light": "lightOrange"
    },
    "syntaxType": {
      "dark": "darkYellow",
      "light": "lightYellow"
    },
    "syntaxOperator": {
      "dark": "darkCyan",
      "light": "lightCyan"
    },
    "syntaxPunctuation": {
      "dark": "darkStep12",
      "light": "lightStep12"
    }
  }
}
